{
  "version": 1,
  "author": "Felipe Ferreira Martns da Silva",
  "editor": "wokwi",
  "parts": [
    { "type": "wokwi-breadboard-half", "id": "bb1", "top": -41.4, "left": -467.6, "attrs": {} },
    { "type": "wokwi-breadboard-mini", "id": "bb2", "top": 171.4, "left": -319.2, "attrs": {} },
    {
      "type": "board-pi-pico-w",
      "id": "pico",
      "top": -32.05,
      "left": -63.65,
      "attrs": { "builder": "pico-sdk" }
    },
    {
      "type": "wokwi-resistor",
      "id": "r1",
      "top": 43.2,
      "left": -413.35,
      "rotate": 90,
      "attrs": { "value": "1000" }
    },
    {
      "type": "wokwi-led",
      "id": "led1",
      "top": 63.6,
      "left": -408.6,
      "attrs": { "color": "red", "flip": "" }
    },
    {
      "type": "wokwi-resistor",
      "id": "r2",
      "top": 43.2,
      "left": -365.35,
      "rotate": 90,
      "attrs": { "value": "1000" }
    },
    {
      "type": "wokwi-led",
      "id": "led2",
      "top": 63.6,
      "left": -361,
      "attrs": { "color": "yellow" }
    },
    {
      "type": "wokwi-led",
      "id": "led3",
      "top": 63.6,
      "left": -322.2,
      "attrs": { "color": "green", "flip": "" }
    },
    {
      "type": "wokwi-resistor",
      "id": "r3",
      "top": 43.2,
      "left": -326.95,
      "rotate": 90,
      "attrs": { "value": "1000" }
    },
    {
      "type": "wokwi-led",
      "id": "led4",
      "top": 63.6,
      "left": -245.8,
      "attrs": { "color": "green" }
    },
    {
      "type": "wokwi-resistor",
      "id": "r4",
      "top": 43.2,
      "left": -250.15,
      "rotate": 90,
      "attrs": { "value": "1000" }
    },
    {
      "type": "wokwi-pushbutton-6mm",
      "id": "btn2",
      "top": 49,
      "left": -207.2,
      "rotate": 90,
      "attrs": { "color": "green" }
    },
    {
      "type": "wokwi-buzzer",
      "id": "bz1",
      "top": 201.6,
      "left": -240,
      "rotate": 180,
      "attrs": { "volume": "0.1" }
    }
  ],
  "connections": [
    [ "pico:GP0", "$serialMonitor:RX", "", [] ],
    [ "pico:GP1", "$serialMonitor:TX", "", [] ],
    [ "pico:GND.4", "bb1:bn.24", "black", [ "h-67.2", "v28.84", "h-48" ] ],
    [ "bb1:bn.25", "bb1:tn.25", "black", [ "v-1.3", "h30.4", "v-182.4" ] ],
    [ "bb1:bn.1", "bb1:tn.1", "black", [ "v-1.3", "h-17.6", "v-172.7" ] ],
    [ "bb2:13t.a", "bb1:bn.22", "black", [ "v-28.8" ] ],
    [ "pico:GP14", "bb1:7t.a", "red", [ "h-28.8", "v-153.56" ] ],
    [ "pico:GP13", "bb1:12t.a", "yellow", [ "h-67.2", "v-134.36", "h-211.2" ] ],
    [ "pico:GP12", "bb1:16t.a", "green", [ "h-48", "v-134.36", "h-9.6" ] ],
    [ "bb2:12t.a", "pico:GP9", "red", [ "v-57.6", "h86.4", "v-38.4" ] ],
    [ "bb1:28b.j", "bb1:bn.23", "black", [ "v0" ] ],
    [ "pico:GP10", "bb1:26b.j", "blue", [ "h0" ] ],
    [ "pico:GP11", "bb1:24t.c", "green", [ "h-19.2", "v-76.8" ] ],
    [ "bb1:23b.j", "bb1:bn.19", "green", [ "v0" ] ],
    [ "bb1:15b.j", "bb1:bn.12", "green", [ "v0" ] ],
    [ "bb1:11b.j", "bb1:bn.9", "green", [ "v0" ] ],
    [ "bb1:6b.j", "bb1:bn.5", "green", [ "v0" ] ],
    [ "led1:A", "bb1:7b.i", "", [ "$bb" ] ],
    [ "led1:C", "bb1:6b.i", "", [ "$bb" ] ],
    [ "r2:1", "bb1:12t.b", "", [ "$bb" ] ],
    [ "r2:2", "bb1:12b.f", "", [ "$bb" ] ],
    [ "led2:A", "bb1:12b.i", "", [ "$bb" ] ],
    [ "led2:C", "bb1:11b.i", "", [ "$bb" ] ],
    [ "led3:A", "bb1:16b.i", "", [ "$bb" ] ],
    [ "led3:C", "bb1:15b.i", "", [ "$bb" ] ],
    [ "r3:1", "bb1:16t.b", "", [ "$bb" ] ],
    [ "r3:2", "bb1:16b.f", "", [ "$bb" ] ],
    [ "led4:A", "bb1:24b.i", "", [ "$bb" ] ],
    [ "led4:C", "bb1:23b.i", "", [ "$bb" ] ],
    [ "r4:1", "bb1:24t.b", "", [ "$bb" ] ],
    [ "r4:2", "bb1:24b.f", "", [ "$bb" ] ],
    [ "btn2:1.l", "bb1:28t.e", "", [ "$bb" ] ],
    [ "btn2:2.l", "bb1:26t.e", "", [ "$bb" ] ],
    [ "btn2:1.r", "bb1:28b.f", "", [ "$bb" ] ],
    [ "btn2:2.r", "bb1:26b.f", "", [ "$bb" ] ],
    [ "bz1:1", "bb2:13t.c", "", [ "$bb" ] ],
    [ "bz1:2", "bb2:12t.c", "", [ "$bb" ] ],
    [ "r1:1", "bb1:7t.b", "", [ "$bb" ] ],
    [ "r1:2", "bb1:7b.f", "", [ "$bb" ] ]
  ],
  "dependencies": {}
}